Actual Coordinate,Experimental Coordinate,Accuracy (Euclidean Distance)
[50 50],[865 439],903.0758550642355
[1230   50],[843 431],543.0745805135792
[1230  750],[848 438],493.2220595228888
[ 50 750],[865 442],871.2571377039043
[640 400],[854 436],217.0069123323034
[640 200],[856 433],317.71842880135233
[640 600],[858 439],271.0073799733136
[320 600],[864 440],567.0414446934193
[960 200],[857 434],255.6657974778793
[960 600],[859 439],190.05788591900102
AVG,AVG,462.9127482001876
